,loss,val_loss,lr
0,196.81532287597656,505.5526123046875,0.01
1,0.7813621759414673,179.27487182617188,0.01
2,0.4349854588508606,183.4392547607422,0.01
3,0.33322498202323914,293.03143310546875,0.01
4,0.27023178339004517,403.781494140625,0.01
5,0.23758229613304138,507.1202697753906,0.01
6,0.21677857637405396,564.0811157226562,0.01
7,0.20636889338493347,595.5484008789062,0.01
8,0.20188714563846588,614.4406127929688,0.01
9,0.19461563229560852,626.9698486328125,0.01
10,0.19473856687545776,638.3118286132812,0.01
11,0.19027484953403473,648.8335571289062,0.01
12,0.18838314712047577,659.6576538085938,0.01
13,0.1858251541852951,667.8967895507812,0.01
14,0.18091554939746857,675.1273803710938,0.01
15,0.17736753821372986,681.6198120117188,0.01
16,0.1810426414012909,682.4635620117188,0.01
17,0.17767448723316193,683.601318359375,0.01
18,0.17455171048641205,681.6884155273438,0.01
19,0.17251020669937134,680.6043701171875,0.01
20,0.17610213160514832,678.245361328125,0.01
21,0.1801612824201584,671.2045288085938,0.01
22,0.17368292808532715,665.047607421875,0.01
23,0.17030522227287292,657.3662109375,0.01
24,0.17010580003261566,648.20068359375,0.01
25,0.1807648092508316,636.689697265625,0.01
26,0.17632566392421722,623.2456665039062,0.01
27,0.17963871359825134,612.3270874023438,0.01
28,0.1743469387292862,600.5059814453125,0.01
29,0.18947362899780273,587.888671875,0.01
30,0.18567746877670288,570.1514892578125,0.01
31,0.1926330178976059,555.6079711914062,0.01
32,0.16822423040866852,543.664794921875,0.01
33,0.16975180804729462,527.8112182617188,0.01
34,0.16797488927841187,512.6929321289062,0.01
35,0.1768379956483841,485.9010009765625,0.01
36,0.24044379591941833,466.6841125488281,0.01
37,0.19190333783626556,454.8573913574219,0.01
38,0.18273958563804626,427.843017578125,0.01
39,0.1719391793012619,409.4302673339844,0.01
40,0.1676238775253296,383.13726806640625,0.01
41,0.16461077332496643,356.3341064453125,0.01
42,0.17998173832893372,331.8886413574219,0.01
43,0.16669827699661255,300.82598876953125,0.01
44,0.16702915728092194,273.50787353515625,0.01
45,0.1668415665626526,248.1712188720703,0.01
46,0.1652143895626068,221.90460205078125,0.01
47,0.17259366810321808,203.22378540039062,0.01
48,0.1840951293706894,181.3350830078125,0.01
49,0.1854672133922577,159.92294311523438,0.01
50,0.17261290550231934,142.49539184570312,0.01
51,0.168566033244133,129.47706604003906,0.01
52,0.16250678896903992,114.34943389892578,0.01
53,0.16211265325546265,101.99735260009766,0.01
54,0.1600429266691208,91.67770385742188,0.01
55,0.16159693896770477,76.99528503417969,0.01
56,0.1966884881258011,67.68900299072266,0.01
57,0.20550480484962463,60.22594451904297,0.01
58,0.17376293241977692,52.175846099853516,0.01
59,0.18282291293144226,47.749568939208984,0.01
60,0.2061154544353485,40.9951057434082,0.01
61,0.17176897823810577,31.916112899780273,0.01
62,0.165781170129776,29.235607147216797,0.01
63,0.16425609588623047,25.721704483032227,0.01
64,0.17065396904945374,21.518404006958008,0.01
65,0.166733980178833,19.190359115600586,0.01
66,0.1630704551935196,15.11875057220459,0.01
67,0.17335732281208038,13.714122772216797,0.01
68,0.20437569916248322,11.670485496520996,0.01
69,0.1853071004152298,10.449012756347656,0.01
70,0.194199338555336,10.042820930480957,0.01
71,0.19133798778057098,7.113298416137695,0.01
72,0.1756240576505661,6.2178120613098145,0.01
73,0.18535886704921722,4.083099842071533,0.01
74,0.18001534044742584,4.936883449554443,0.01
75,0.15860490500926971,4.114066123962402,0.01
76,0.15926270186901093,3.196683883666992,0.01
77,0.15895146131515503,3.6535463333129883,0.01
78,0.16174021363258362,3.4421868324279785,0.01
79,0.1731286495923996,2.971696615219116,0.01
80,0.1588486135005951,2.2588281631469727,0.01
81,0.16255122423171997,1.8494384288787842,0.01
82,0.16399678587913513,1.2443091869354248,0.01
83,0.15623430907726288,1.5058493614196777,0.01
84,0.17099060118198395,1.5854521989822388,0.01
85,0.16272082924842834,1.1860166788101196,0.01
86,0.17728877067565918,1.1243115663528442,0.01
87,0.1715429425239563,0.5611156225204468,0.01
88,0.16501271724700928,0.41122958064079285,0.01
89,0.20913414657115936,0.528685986995697,0.01
90,0.21506467461585999,0.4551711678504944,0.01
91,0.18869304656982422,0.2787880301475525,0.01
92,0.18078723549842834,0.17106382548809052,0.01
93,0.18317969143390656,0.26938721537590027,0.01
94,0.19706477224826813,0.31289395689964294,0.01
95,0.1696450263261795,0.17113901674747467,0.01
96,0.15862800180912018,0.1987362653017044,0.01
97,0.15721026062965393,0.17440439760684967,0.01
98,0.16220685839653015,0.1667805314064026,0.01
99,0.16532853245735168,0.1701328307390213,0.01
100,0.16383326053619385,0.16533204913139343,0.01
101,0.18454721570014954,0.22286148369312286,0.01
102,0.19825394451618195,0.16881416738033295,0.01
103,0.22289054095745087,0.17425686120986938,0.01
104,0.18916545808315277,0.1644841581583023,0.01
105,0.16690465807914734,0.1629374772310257,0.01
106,0.17553448677062988,0.1719815731048584,0.01
107,0.20139850676059723,0.164219930768013,0.01
108,0.20272378623485565,0.19527138769626617,0.01
109,0.1625603288412094,0.2201617807149887,0.01
110,0.1600031852722168,0.29610252380371094,0.01
111,0.1576443612575531,0.2722671926021576,0.01
112,0.1607331782579422,0.3511884808540344,0.01
113,0.16323509812355042,0.1712249219417572,0.01
114,0.16064582765102386,0.17616717517375946,0.01
115,0.15475866198539734,0.2514977753162384,0.01
116,0.15622194111347198,0.16183891892433167,0.01
117,0.15586264431476593,0.1624690294265747,0.01
118,0.17574378848075867,0.18212363123893738,0.01
119,0.17277495563030243,0.25397989153862,0.01
120,0.15446282923221588,0.17025335133075714,0.01
121,0.16742147505283356,0.17331421375274658,0.01
122,0.17187640070915222,0.3680495321750641,0.01
123,0.20919856429100037,0.4954872727394104,0.01
124,0.18522508442401886,0.3146992027759552,0.01
125,0.1679534763097763,0.2272963523864746,0.01
126,0.1650020182132721,0.16173480451107025,0.01
127,0.16132590174674988,0.19583606719970703,0.01
128,0.16226305067539215,0.17930641770362854,0.01
129,0.16472554206848145,0.20113825798034668,0.01
130,0.19584383070468903,0.1845468282699585,0.01
131,0.16718605160713196,0.16453200578689575,0.01
132,0.17547789216041565,0.17337942123413086,0.01
133,0.19449388980865479,0.2495141476392746,0.01
134,0.20718184113502502,0.622590959072113,0.01
135,0.17688336968421936,0.4807569980621338,0.01
136,0.16368603706359863,0.23214948177337646,0.01
137,0.17512193322181702,0.19209831953048706,0.01
138,0.15895400941371918,0.3772568702697754,0.01
139,0.16364173591136932,0.32960349321365356,0.01
140,0.19384469091892242,0.22753503918647766,0.01
141,0.20803260803222656,0.1638377606868744,0.01
142,0.2387842983007431,0.3404119312763214,0.01
143,0.18924623727798462,0.38890689611434937,0.01
144,0.19137559831142426,1.0028845071792603,0.01
145,0.16014201939105988,0.5100029706954956,0.01
146,0.17647294700145721,0.6746646165847778,0.01
147,0.23573040962219238,0.654716432094574,0.01
148,0.24214424192905426,0.34682855010032654,0.01
149,0.16772618889808655,0.23498354852199554,0.01
150,0.1697850525379181,0.3917270302772522,0.01
151,0.15632568299770355,0.5498631000518799,0.01
152,0.1778711974620819,0.741133987903595,0.01
153,0.2265659123659134,0.4439125955104828,0.01
154,0.2156035602092743,0.5489332675933838,0.01
155,0.17252017557621002,0.696109414100647,0.01
156,0.16478651762008667,0.7096149921417236,0.01
157,0.15562815964221954,0.6183302402496338,0.01
158,0.16250154376029968,0.5543046593666077,0.01
159,0.1710156798362732,0.28637850284576416,0.01
160,0.15787099301815033,0.33543625473976135,0.01
161,0.22526668012142181,0.17986330389976501,0.01
162,0.20900632441043854,0.28566238284111023,0.01
163,0.16002781689167023,0.31736141443252563,0.01
164,0.15823256969451904,0.3321838080883026,0.01
165,0.15556985139846802,0.4431552290916443,0.01
166,0.17277228832244873,0.23299933969974518,0.01
167,0.2298174649477005,0.5757901072502136,0.01
168,0.21013760566711426,0.7828044295310974,0.01
169,0.17564551532268524,1.093945860862732,0.01
170,0.18248026072978973,0.3948262631893158,0.01
171,0.15402217209339142,0.24138933420181274,0.005
172,0.1514725685119629,0.5743124485015869,0.005
173,0.15179678797721863,0.21276120841503143,0.005
174,0.15887615084648132,0.30706989765167236,0.005
175,0.16036327183246613,0.19305239617824554,0.005
176,0.15397517383098602,0.17792125046253204,0.005
177,0.15132248401641846,0.22089669108390808,0.005
178,0.15003444254398346,0.1629953384399414,0.005
179,0.15016578137874603,0.1608208417892456,0.005
180,0.1496138870716095,0.1864444762468338,0.005
181,0.1498245745897293,0.17324784398078918,0.005
182,0.15065798163414001,0.16022802889347076,0.005
183,0.15041984617710114,0.16892419755458832,0.005
184,0.1500333547592163,0.19547049701213837,0.005
185,0.1504681259393692,0.160543292760849,0.005
186,0.15016022324562073,0.1869511753320694,0.005
187,0.15249790251255035,0.267734169960022,0.005
188,0.15522125363349915,0.17245826125144958,0.005
189,0.15488678216934204,0.16786426305770874,0.005
190,0.1552998274564743,0.20030437409877777,0.005
191,0.15249775350093842,0.19538864493370056,0.005
192,0.1555768996477127,0.16240650415420532,0.005
193,0.15083573758602142,0.17630940675735474,0.005
194,0.14935794472694397,0.16406866908073425,0.005
195,0.1491309404373169,0.17366079986095428,0.005
196,0.15014925599098206,0.16739626228809357,0.005
197,0.14945504069328308,0.16322574019432068,0.005
198,0.15179230272769928,0.1658342182636261,0.005
199,0.15308059751987457,0.2206072360277176,0.005
200,0.155427947640419,0.2613203823566437,0.005
201,0.1529172956943512,0.20924754440784454,0.005
202,0.15188737213611603,0.16149625182151794,0.005
203,0.15130817890167236,0.16138316690921783,0.005
204,0.15514588356018066,0.279997318983078,0.005
205,0.15340225398540497,0.15987429022789001,0.005
206,0.1505020707845688,0.164162740111351,0.005
207,0.15027382969856262,0.1615498661994934,0.005
208,0.15037623047828674,0.20762497186660767,0.005
209,0.15106838941574097,0.22281035780906677,0.005
210,0.15015363693237305,0.16732259094715118,0.005
211,0.14890654385089874,0.21500124037265778,0.005
212,0.15094678103923798,0.19625882804393768,0.005
213,0.14942775666713715,0.17043466866016388,0.005
214,0.15201106667518616,0.33175721764564514,0.005
215,0.1635851263999939,0.16523075103759766,0.005
216,0.1554831713438034,0.16246432065963745,0.005
217,0.15579277276992798,0.17416925728321075,0.005
218,0.15088403224945068,0.15981417894363403,0.005
219,0.15214328467845917,0.22622042894363403,0.005
220,0.15048490464687347,0.16419176757335663,0.005
221,0.15336887538433075,0.3990708589553833,0.005
222,0.15432573854923248,0.1716408133506775,0.005
223,0.15156669914722443,0.20130838453769684,0.005
224,0.15105776488780975,0.1911008208990097,0.005
225,0.1590920090675354,0.17958800494670868,0.005
226,0.15585869550704956,0.16243098676204681,0.005
227,0.15077154338359833,0.19909359514713287,0.005
228,0.15960803627967834,0.165700763463974,0.005
229,0.15862303972244263,0.1602921038866043,0.005
230,0.15235386788845062,0.16891048848628998,0.005
231,0.15700480341911316,0.1719691902399063,0.005
232,0.14952373504638672,0.18918025493621826,0.005
233,0.14960245788097382,0.15972910821437836,0.005
234,0.15315593779087067,0.31968262791633606,0.005
235,0.15689748525619507,0.19257108867168427,0.005
236,0.1500713974237442,0.16115857660770416,0.005
237,0.15008237957954407,0.17782410979270935,0.005
238,0.15854105353355408,0.15971213579177856,0.005
239,0.1603551059961319,0.23939946293830872,0.005
240,0.1590612828731537,0.1599697768688202,0.005
241,0.1527494639158249,0.18244905769824982,0.005
242,0.15379533171653748,0.1993221789598465,0.005
243,0.14805275201797485,0.16184072196483612,0.005
244,0.14914701879024506,0.19067585468292236,0.005
245,0.14875683188438416,0.16761332750320435,0.005
246,0.15256503224372864,0.2830548882484436,0.005
247,0.1591554582118988,0.1652536690235138,0.005
248,0.17017138004302979,0.24415913224220276,0.005
249,0.1526304930448532,0.2654532194137573,0.005
250,0.1590033918619156,0.1765054166316986,0.005
251,0.15272074937820435,0.1869579553604126,0.005
252,0.15379375219345093,0.16839902102947235,0.005
253,0.1511627435684204,0.16685490310192108,0.005
254,0.153086319565773,0.17287065088748932,0.005
255,0.15020965039730072,0.25533702969551086,0.005
256,0.15264169871807098,0.2084873616695404,0.005
257,0.14916448295116425,0.16089536249637604,0.005
258,0.14819219708442688,0.32457026839256287,0.005
259,0.14862796664237976,0.21517057716846466,0.005
260,0.15334588289260864,0.1710243821144104,0.005
261,0.15965157747268677,0.16423778235912323,0.005
262,0.1568373590707779,0.31287533044815063,0.005
263,0.1541094034910202,0.20583587884902954,0.005
264,0.1492747962474823,0.17101137340068817,0.005
265,0.1490374654531479,0.18322697281837463,0.005
266,0.15508587658405304,0.16019418835639954,0.005
267,0.14933659136295319,0.2817181646823883,0.005
268,0.1473560631275177,0.16166020929813385,0.005
269,0.1485568881034851,0.16042158007621765,0.005
270,0.14943495392799377,0.159714475274086,0.005
271,0.15521806478500366,0.22445034980773926,0.005
272,0.14767393469810486,0.16117189824581146,0.005
273,0.15723277628421783,0.16203193366527557,0.005
274,0.15951932966709137,0.2846820652484894,0.005
275,0.15846627950668335,0.16232529282569885,0.005
276,0.15669852495193481,0.27605167031288147,0.005
277,0.17061573266983032,0.15991850197315216,0.005
278,0.17359693348407745,0.19608138501644135,0.005
279,0.15473055839538574,0.1599617302417755,0.005
280,0.15799343585968018,0.19170846045017242,0.005
281,0.14961305260658264,0.15943609178066254,0.005
282,0.15186987817287445,0.2286245971918106,0.005
283,0.1510481983423233,0.18166424334049225,0.005
284,0.14970766007900238,0.17412947118282318,0.005
285,0.15044888854026794,0.17927390336990356,0.005
286,0.1606498658657074,0.19741210341453552,0.005
287,0.15430089831352234,0.1962306797504425,0.005
288,0.16576363146305084,0.16526168584823608,0.005
289,0.17306369543075562,0.1789538562297821,0.005
290,0.1853654831647873,0.5088375806808472,0.005
291,0.1640077382326126,0.1639023870229721,0.005
292,0.15269343554973602,0.16636206209659576,0.005
293,0.15490616858005524,0.1820533573627472,0.005
294,0.14881019294261932,0.15890666842460632,0.005
295,0.15620054304599762,0.17421959340572357,0.005
296,0.1497931331396103,0.16531485319137573,0.005
297,0.17434757947921753,0.1611553579568863,0.005
298,0.1812732219696045,0.16128508746623993,0.005
299,0.16583238542079926,0.1873006820678711,0.005
300,0.157758429646492,0.15860506892204285,0.005
301,0.15552204847335815,0.18481320142745972,0.005
302,0.15223519504070282,0.25745689868927,0.005
303,0.1519843339920044,0.15907178819179535,0.005
304,0.15040932595729828,0.2409195452928543,0.005
305,0.14824296534061432,0.19801199436187744,0.005
306,0.16169622540473938,0.16105392575263977,0.005
307,0.1609542965888977,0.15907719731330872,0.005
308,0.15773561596870422,0.16839411854743958,0.005
309,0.1682741791009903,0.23864346742630005,0.005
310,0.16996286809444427,0.16297031939029694,0.005
311,0.15396364033222198,0.20511265099048615,0.005
312,0.14790494740009308,0.16930553317070007,0.005
313,0.14714278280735016,0.16353385150432587,0.005
314,0.14695322513580322,0.1642501801252365,0.005
315,0.14991745352745056,0.1860067993402481,0.005
316,0.14746172726154327,0.1777482032775879,0.005
317,0.14871469140052795,0.27481353282928467,0.005
318,0.1519860029220581,0.23775720596313477,0.005
319,0.16430172324180603,0.159251868724823,0.005
320,0.15700079500675201,0.16635218262672424,0.005
321,0.1577669233083725,0.405697226524353,0.005
322,0.1799667924642563,0.17011390626430511,0.005
323,0.18060217797756195,0.20501160621643066,0.005
324,0.1748562753200531,0.40439480543136597,0.005
325,0.19117394089698792,0.160407155752182,0.005
326,0.16398465633392334,0.17396865785121918,0.005
327,0.15590499341487885,0.22192251682281494,0.005
328,0.17023155093193054,0.28075212240219116,0.005
329,0.15595272183418274,0.20082050561904907,0.005
330,0.15067996084690094,0.1728208214044571,0.005
331,0.15694096684455872,0.1597508043050766,0.005
332,0.1518978327512741,0.16305112838745117,0.005
333,0.14728209376335144,0.16006885468959808,0.005
334,0.15148141980171204,0.1892121136188507,0.005
335,0.15637268126010895,0.3132270276546478,0.005
336,0.1556861400604248,0.17061780393123627,0.005
337,0.14722956717014313,0.15933489799499512,0.005
338,0.14724764227867126,0.3678954839706421,0.005
339,0.16513918340206146,0.19837389886379242,0.005
340,0.15917319059371948,0.1649559736251831,0.005
341,0.1551285982131958,0.2098396122455597,0.005
342,0.15818370878696442,0.21498680114746094,0.005
343,0.16067633032798767,0.4419138729572296,0.005
344,0.15579789876937866,0.19201283156871796,0.005
345,0.15372736752033234,0.16561833024024963,0.005
346,0.1493794173002243,0.2412843257188797,0.005
347,0.16003741323947906,0.17303578555583954,0.005
348,0.15599425137043,0.2640245258808136,0.005
349,0.17331837117671967,0.17757070064544678,0.005
350,0.16215775907039642,0.31502416729927063,0.005
351,0.15598000586032867,0.15847496688365936,0.005
352,0.1676551252603531,0.2641426920890808,0.005
353,0.21655897796154022,0.21595652401447296,0.005
354,0.17664819955825806,0.5127241015434265,0.005
355,0.17482438683509827,0.20317627489566803,0.005
356,0.15033414959907532,0.16085082292556763,0.005
357,0.1543702781200409,0.2427295595407486,0.005
358,0.1797044724225998,0.43905797600746155,0.005
359,0.22797155380249023,0.44247788190841675,0.005
360,0.21575415134429932,0.6398019790649414,0.005
361,0.17187051475048065,0.41873085498809814,0.005
362,0.1748688519001007,0.24194304645061493,0.005
363,0.1757635921239853,0.16193395853042603,0.005
364,0.16609928011894226,0.24816913902759552,0.005
365,0.15214508771896362,0.17287878692150116,0.0025
366,0.15097136795520782,0.2005789577960968,0.0025
367,0.1509675681591034,0.16344481706619263,0.0025
368,0.1474878489971161,0.17043228447437286,0.0025
369,0.1483243703842163,0.17685534060001373,0.0025
370,0.1467682421207428,0.15935811400413513,0.0025
371,0.1448592096567154,0.16681186854839325,0.0025
372,0.14507803320884705,0.16504988074302673,0.0025
373,0.14491724967956543,0.16886194050312042,0.0025
374,0.14611712098121643,0.17528779804706573,0.0025
375,0.14526723325252533,0.18257838487625122,0.0025
376,0.14766989648342133,0.18083372712135315,0.0025
377,0.1452079862356186,0.1645941585302353,0.0025
378,0.14509925246238708,0.19412709772586823,0.0025
379,0.14551901817321777,0.20936137437820435,0.0025
380,0.1462005078792572,0.15980325639247894,0.0025
381,0.1453671157360077,0.18418185412883759,0.0025
382,0.1463843584060669,0.16792207956314087,0.0025
383,0.14605329930782318,0.22070814669132233,0.0025
384,0.14743909239768982,0.16517776250839233,0.0025
385,0.14626222848892212,0.19880476593971252,0.0025
386,0.14655651152133942,0.18714913725852966,0.0025
387,0.14452457427978516,0.20887631177902222,0.0025
388,0.14518922567367554,0.21820767223834991,0.0025
389,0.1452438235282898,0.21255266666412354,0.0025
390,0.14719246327877045,0.21335798501968384,0.0025
391,0.1467629373073578,0.19939252734184265,0.0025
392,0.14662496745586395,0.17757828533649445,0.0025
393,0.14523442089557648,0.22553439438343048,0.0025
394,0.14473818242549896,0.1913396418094635,0.0025
395,0.1446739286184311,0.24713775515556335,0.0025
396,0.14628978073596954,0.20207124948501587,0.0025
397,0.1459352970123291,0.2182806134223938,0.0025
398,0.14543388783931732,0.18202152848243713,0.0025
399,0.14493979513645172,0.218784898519516,0.0025
400,0.14599475264549255,0.19461305439472198,0.0025
401,0.1457737684249878,0.2578926384449005,0.0025
402,0.1456821709871292,0.1718968003988266,0.0025
403,0.14561983942985535,0.3073797821998596,0.0025
404,0.14603914320468903,0.16467352211475372,0.0025
405,0.1452386975288391,0.26913982629776,0.0025
406,0.14613035321235657,0.27202245593070984,0.0025
407,0.14657026529312134,0.19426687061786652,0.0025
408,0.14454591274261475,0.1933336853981018,0.0025
409,0.14517894387245178,0.15875402092933655,0.0025
410,0.15455412864685059,0.16922229528427124,0.0025
411,0.14846846461296082,0.1692204475402832,0.0025
412,0.14742344617843628,0.2131010740995407,0.0025
413,0.14525273442268372,0.2019849419593811,0.0025
414,0.14692996442317963,0.213900625705719,0.0025
415,0.14603295922279358,0.20756810903549194,0.0025
416,0.14657673239707947,0.17088349163532257,0.0025
417,0.14672896265983582,0.16506926715373993,0.0025
418,0.1461598128080368,0.19784532487392426,0.0025
419,0.14469192922115326,0.1615431308746338,0.0025
420,0.14456868171691895,0.17794683575630188,0.0025
421,0.1476467400789261,0.1713857799768448,0.0025
422,0.14525270462036133,0.22377607226371765,0.0025
423,0.144887775182724,0.18142935633659363,0.0025
424,0.15015992522239685,0.1610007882118225,0.0025
425,0.1512671411037445,0.19989562034606934,0.0025
426,0.14559313654899597,0.1696193814277649,0.0025
427,0.14573949575424194,0.23255981504917145,0.0025
428,0.14504823088645935,0.19174738228321075,0.0025
429,0.1475432813167572,0.17259535193443298,0.0025
430,0.14502665400505066,0.24061867594718933,0.0025
431,0.14822429418563843,0.20865648984909058,0.0025
432,0.14751169085502625,0.21563245356082916,0.0025
433,0.14483654499053955,0.15919403731822968,0.0025
434,0.1466182917356491,0.2019965946674347,0.0025
435,0.1476026028394699,0.22423824667930603,0.0025
436,0.14612539112567902,0.23066669702529907,0.0025
437,0.14494921267032623,0.16940723359584808,0.0025
438,0.14531196653842926,0.2827219069004059,0.00125
439,0.14593428373336792,0.18029139935970306,0.00125
440,0.14587390422821045,0.17785388231277466,0.00125
441,0.1447778046131134,0.19874878227710724,0.00125
442,0.1437297910451889,0.19323089718818665,0.00125
443,0.14340247213840485,0.208032488822937,0.00125
444,0.14403463900089264,0.1826988011598587,0.00125
445,0.1442858874797821,0.22339193522930145,0.00125
446,0.14680428802967072,0.16997367143630981,0.00125
447,0.14792247116565704,0.1898825615644455,0.00125
448,0.14751926064491272,0.1886058747768402,0.00125
449,0.1449672430753708,0.18343624472618103,0.00125
450,0.14344778656959534,0.15879498422145844,0.00125
451,0.14451147615909576,0.24478627741336823,0.00125
452,0.14488467574119568,0.18738919496536255,0.00125
453,0.1442524939775467,0.16697406768798828,0.00125
454,0.14358355104923248,0.2136596441268921,0.00125
455,0.14355865120887756,0.20995588600635529,0.00125
456,0.1443929821252823,0.1890590935945511,0.00125
457,0.14451630413532257,0.19805946946144104,0.00125
458,0.14405925571918488,0.25782445073127747,0.00125
459,0.14363211393356323,0.1699853390455246,0.00125
460,0.1464601755142212,0.1754102110862732,0.00125
461,0.14938949048519135,0.21092936396598816,0.00125
462,0.1451682299375534,0.16956256330013275,0.00125
463,0.1458757221698761,0.16778381168842316,0.00125
464,0.14363157749176025,0.16778449714183807,0.00125
465,0.1433717906475067,0.22894099354743958,0.00125
466,0.14295843243598938,0.1603691726922989,0.00125
467,0.14369341731071472,0.17876951396465302,0.00125
468,0.1442641019821167,0.18121719360351562,0.00125
469,0.1438809186220169,0.17874668538570404,0.00125
470,0.14507274329662323,0.17859765887260437,0.00125
471,0.14375609159469604,0.19641514122486115,0.00125
472,0.1436341255903244,0.19626760482788086,0.00125
473,0.14470306038856506,0.2280314564704895,0.00125
474,0.14398011565208435,0.21766097843647003,0.00125
475,0.1443546712398529,0.15916378796100616,0.00125
476,0.14355936646461487,0.20616112649440765,0.00125
477,0.14484111964702606,0.16819389164447784,0.00125
478,0.1441868543624878,0.20845571160316467,0.00125
479,0.14411504566669464,0.17369595170021057,0.00125
480,0.14366371929645538,0.224986732006073,0.00125
481,0.14300331473350525,0.1617080122232437,0.00125
482,0.14378392696380615,0.25381261110305786,0.00125
483,0.14483486115932465,0.16536787152290344,0.00125
484,0.1461581438779831,0.23442424833774567,0.00125
485,0.14556102454662323,0.16835401952266693,0.00125
486,0.1441279500722885,0.20857824385166168,0.00125
487,0.15301840007305145,0.16329969465732574,0.00125
488,0.14937685430049896,0.18901026248931885,0.00125
489,0.14557114243507385,0.1928889900445938,0.00125
490,0.14552518725395203,0.16111229360103607,0.00125
491,0.1449260711669922,0.16445304453372955,0.00125
492,0.14512597024440765,0.1688539683818817,0.00125
493,0.14393876492977142,0.23578420281410217,0.00125
494,0.1444624364376068,0.1807812601327896,0.00125
495,0.14381732046604156,0.2182140052318573,0.00125
496,0.14404217898845673,0.17481361329555511,0.00125
497,0.14326182007789612,0.17340627312660217,0.00125
498,0.14348408579826355,0.22502316534519196,0.00125
499,0.14513906836509705,0.18864019215106964,0.00125
500,0.1437530815601349,0.16131019592285156,0.00125
501,0.14354415237903595,0.21386241912841797,0.00125
502,0.14499002695083618,0.18770773708820343,0.00125
503,0.14932657778263092,0.2513659596443176,0.00125
504,0.1500735878944397,0.16974201798439026,0.00125
505,0.14991682767868042,0.2656591832637787,0.00125
506,0.14552538096904755,0.1582520604133606,0.00125
507,0.14356909692287445,0.21973004937171936,0.00125
508,0.14384672045707703,0.19112396240234375,0.00125
509,0.14534392952919006,0.1661728322505951,0.00125
510,0.14445553719997406,0.16603387892246246,0.00125
511,0.14316844940185547,0.23186005651950836,0.00125
512,0.1430535912513733,0.16303691267967224,0.00125
513,0.1438273787498474,0.15887239575386047,0.00125
514,0.1439369022846222,0.20851433277130127,0.00125
515,0.1427149772644043,0.17931322753429413,0.00125
516,0.14293727278709412,0.18526415526866913,0.00125
517,0.1433294713497162,0.2030305564403534,0.00125
518,0.14451251924037933,0.18461865186691284,0.00125
519,0.1440013349056244,0.17449641227722168,0.00125
520,0.14334899187088013,0.23153750598430634,0.00125
521,0.14373812079429626,0.22177261114120483,0.00125
522,0.14521364867687225,0.15901567041873932,0.00125
523,0.14433735609054565,0.22142639756202698,0.00125
524,0.14709840714931488,0.1635410636663437,0.00125
525,0.14741083979606628,0.15993300080299377,0.00125
526,0.14946526288986206,0.17982307076454163,0.00125
527,0.1452554166316986,0.15997260808944702,0.00125
528,0.1438702642917633,0.18058983981609344,0.00125
529,0.1450498402118683,0.18638841807842255,0.00125
530,0.1437978893518448,0.15869633853435516,0.00125
531,0.14352837204933167,0.2094494104385376,0.00125
532,0.14326654374599457,0.16568142175674438,0.00125
533,0.14488978683948517,0.16944868862628937,0.00125
534,0.14291702210903168,0.1589173674583435,0.00125
535,0.1440393328666687,0.23801811039447784,0.00125
536,0.14421336352825165,0.1828802525997162,0.00125
537,0.14464722573757172,0.1641421765089035,0.00125
538,0.1449265480041504,0.25389358401298523,0.00125
539,0.14398637413978577,0.20270729064941406,0.00125
540,0.14457692205905914,0.1771983802318573,0.00125
541,0.14386741816997528,0.1605762392282486,0.00125
542,0.14322920143604279,0.2917008399963379,0.00125
543,0.1447332203388214,0.20424847304821014,0.00125
544,0.1480063647031784,0.16475602984428406,0.00125
545,0.14467579126358032,0.17182962596416473,0.00125
546,0.14489133656024933,0.17131675779819489,0.00125
547,0.14534878730773926,0.18806038796901703,0.00125
548,0.1437096744775772,0.1989927738904953,0.00125
549,0.14316438138484955,0.18966472148895264,0.00125
550,0.143527090549469,0.20615564286708832,0.00125
551,0.14395885169506073,0.15819144248962402,0.00125
552,0.14706170558929443,0.22960127890110016,0.00125
553,0.1473543643951416,0.1965538114309311,0.00125
554,0.14788490533828735,0.16118574142456055,0.00125
555,0.14776405692100525,0.16007348895072937,0.00125
556,0.1457330733537674,0.1758895069360733,0.00125
557,0.14331230521202087,0.24639470875263214,0.00125
558,0.14296571910381317,0.22234705090522766,0.00125
559,0.14254261553287506,0.1585392951965332,0.00125
560,0.14453934133052826,0.16140925884246826,0.00125
561,0.14575710892677307,0.16259503364562988,0.00125
562,0.1483127623796463,0.18871758878231049,0.00125
563,0.14852334558963776,0.36510369181632996,0.00125
564,0.14672395586967468,0.18709711730480194,0.00125
565,0.1449817419052124,0.18993087112903595,0.00125
566,0.14696085453033447,0.1713530421257019,0.00125
567,0.14793308079242706,0.17927904427051544,0.00125
568,0.1466955840587616,0.23509490489959717,0.00125
569,0.15282021462917328,0.1856537014245987,0.00125
570,0.14581795036792755,0.15908794105052948,0.00125
571,0.14576734602451324,0.17526203393936157,0.00125
572,0.14350375533103943,0.2599141001701355,0.00125
573,0.1444605141878128,0.18155188858509064,0.00125
574,0.1432987004518509,0.16334202885627747,0.00125
575,0.1458236426115036,0.20199094712734222,0.00125
576,0.1487610936164856,0.19970040023326874,0.00125
577,0.1454949527978897,0.15993082523345947,0.00125
578,0.1424177885055542,0.1869247704744339,0.00125
579,0.1446661502122879,0.28942203521728516,0.00125
580,0.14764311909675598,0.1721203774213791,0.00125
581,0.14478574693202972,0.2185763716697693,0.00125
582,0.14261047542095184,0.2509911358356476,0.00125
583,0.14390912652015686,0.22334332764148712,0.00125
584,0.1439618617296219,0.16453519463539124,0.00125
585,0.1427515596151352,0.21322870254516602,0.00125
586,0.14373841881752014,0.18057343363761902,0.00125
587,0.14302057027816772,0.24083736538887024,0.00125
588,0.14657717943191528,0.23664918541908264,0.00125
589,0.14432403445243835,0.2242094725370407,0.00125
590,0.14360326528549194,0.18314342200756073,0.00125
591,0.14464296400547028,0.17136868834495544,0.00125
592,0.1467953771352768,0.21608048677444458,0.00125
593,0.14342403411865234,0.17070434987545013,0.00125
594,0.14473754167556763,0.17973358929157257,0.00125
595,0.1480938196182251,0.24444958567619324,0.00125
596,0.15117795765399933,0.16331563889980316,0.00125
597,0.15024761855602264,0.15878133475780487,0.00125
598,0.14856785535812378,0.17093782126903534,0.00125
599,0.14777229726314545,0.16306020319461823,0.00125
600,0.14267994463443756,0.1588037759065628,0.00125
601,0.14495046436786652,0.19187434017658234,0.00125
602,0.14582540094852448,0.2488895058631897,0.00125
603,0.1496400535106659,0.1608366221189499,0.00125
604,0.143867626786232,0.16930273175239563,0.00125
605,0.1424926072359085,0.20291581749916077,0.00125
606,0.14315193891525269,0.15866993367671967,0.00125
607,0.14688999950885773,0.22705671191215515,0.00125
608,0.14334124326705933,0.16853995621204376,0.00125
609,0.14252717792987823,0.24009381234645844,0.00125
610,0.14345566928386688,0.158818781375885,0.00125
611,0.14747342467308044,0.2066703885793686,0.00125
612,0.14327338337898254,0.16877248883247375,0.00125
613,0.14321231842041016,0.24716387689113617,0.00125
614,0.14552058279514313,0.19264337420463562,0.00125
615,0.14538462460041046,0.16530166566371918,0.00125
616,0.1462830901145935,0.21823257207870483,0.00125
617,0.14775919914245605,0.1596347838640213,0.00125
618,0.15084987878799438,0.1737431436777115,0.00125
619,0.15975965559482574,0.1781458556652069,0.00125
620,0.15525908768177032,0.2217591404914856,0.00125
621,0.15067175030708313,0.15853336453437805,0.00125
622,0.14899533987045288,0.16685019433498383,0.00125
623,0.152146115899086,0.16538122296333313,0.00125
624,0.15070147812366486,0.167576402425766,0.00125
625,0.15496782958507538,0.20228591561317444,0.00125
626,0.14514930546283722,0.15911927819252014,0.00125
627,0.14256079494953156,0.17465993762016296,0.00125
628,0.1457052081823349,0.224922776222229,0.00125
629,0.14346018433570862,0.1688716560602188,0.000625
630,0.14225751161575317,0.15963521599769592,0.000625
631,0.14196930825710297,0.2030629962682724,0.000625
632,0.1421804279088974,0.1611059010028839,0.000625
633,0.14102329313755035,0.22871355712413788,0.000625
634,0.14073629677295685,0.15941303968429565,0.000625
635,0.1408778429031372,0.17632117867469788,0.000625
636,0.14112456142902374,0.22455903887748718,0.000625
637,0.14173267781734467,0.16338983178138733,0.000625
638,0.14141547679901123,0.1959621161222458,0.000625
639,0.1410830318927765,0.16654342412948608,0.000625
640,0.141937717795372,0.1718740165233612,0.000625
641,0.1415109783411026,0.176905557513237,0.000625
642,0.14165839552879333,0.1815824955701828,0.000625
643,0.14233802258968353,0.16090744733810425,0.000625
644,0.14275318384170532,0.1758275032043457,0.000625
645,0.14211443066596985,0.16282860934734344,0.000625
646,0.1421782374382019,0.15893249213695526,0.000625
647,0.14218278229236603,0.23999179899692535,0.000625
648,0.1417354792356491,0.16496072709560394,0.000625
649,0.14129966497421265,0.17019842565059662,0.000625
650,0.14117896556854248,0.2060086578130722,0.000625
651,0.14096654951572418,0.19128967821598053,0.000625
652,0.141933411359787,0.19967390596866608,0.000625
653,0.14150498807430267,0.1941557675600052,0.000625
654,0.1412644237279892,0.16847608983516693,0.000625
655,0.14097543060779572,0.21509893238544464,0.000625
656,0.14145837724208832,0.21211574971675873,0.000625
657,0.14213182032108307,0.16435198485851288,0.000625
658,0.14095240831375122,0.2140081375837326,0.000625
659,0.14070221781730652,0.19274267554283142,0.000625
660,0.14094355702400208,0.19936636090278625,0.000625
661,0.14171171188354492,0.1829596310853958,0.000625
662,0.14192642271518707,0.23791749775409698,0.000625
663,0.14072072505950928,0.16114996373653412,0.000625
664,0.14142170548439026,0.20207150280475616,0.000625
665,0.14147603511810303,0.20726712048053741,0.000625
666,0.1429557204246521,0.16522222757339478,0.000625
667,0.1419229805469513,0.17169132828712463,0.000625
668,0.14279021322727203,0.171087384223938,0.000625
669,0.14316968619823456,0.21096046268939972,0.000625
670,0.14375202357769012,0.1646563559770584,0.000625
671,0.14181993901729584,0.18060044944286346,0.000625
672,0.14206713438034058,0.2025226652622223,0.000625
673,0.1413010209798813,0.18431724607944489,0.000625
674,0.1417144387960434,0.16804103553295135,0.000625
675,0.14120890200138092,0.16764916479587555,0.000625
676,0.14298015832901,0.17726090550422668,0.000625
677,0.1430317610502243,0.16929593682289124,0.000625
678,0.14177510142326355,0.17537589371204376,0.000625
679,0.14211209118366241,0.1601170003414154,0.000625
680,0.14285515248775482,0.2216014862060547,0.000625
681,0.14153136312961578,0.1990559697151184,0.000625
682,0.1406012922525406,0.1589319258928299,0.000625
683,0.14077924191951752,0.21033579111099243,0.000625
684,0.1407594233751297,0.2250155359506607,0.000625
685,0.14271889626979828,0.15864214301109314,0.000625
686,0.1449001431465149,0.2148434966802597,0.000625
687,0.14218465983867645,0.16933104395866394,0.000625
688,0.1414383351802826,0.17472797632217407,0.000625
689,0.14176347851753235,0.18061064183712006,0.000625
690,0.1426151990890503,0.1828998178243637,0.000625
691,0.14200882613658905,0.2186889946460724,0.000625
692,0.14127498865127563,0.16192246973514557,0.000625
693,0.14052250981330872,0.19159218668937683,0.000625
694,0.14146049320697784,0.180353581905365,0.000625
695,0.1423713117837906,0.26944980025291443,0.000625
696,0.14417268335819244,0.18028680980205536,0.000625
697,0.14194253087043762,0.16929148137569427,0.000625
698,0.1416025310754776,0.2067224532365799,0.000625
699,0.14280392229557037,0.15953828394412994,0.000625
700,0.14094553887844086,0.20752806961536407,0.000625
701,0.1409899890422821,0.2747252583503723,0.000625
702,0.1422930508852005,0.16796182096004486,0.000625
703,0.1412619650363922,0.19900919497013092,0.000625
704,0.14105552434921265,0.1771676242351532,0.000625
705,0.14397072792053223,0.32397642731666565,0.000625
706,0.14248256385326385,0.16160838305950165,0.000625
707,0.14205306768417358,0.19945096969604492,0.000625
708,0.14129489660263062,0.17390255630016327,0.000625
709,0.14269159734249115,0.17162568867206573,0.000625
710,0.14322808384895325,0.1624296009540558,0.000625
711,0.14187893271446228,0.16967028379440308,0.000625
712,0.14173534512519836,0.23672795295715332,0.000625
713,0.1406993865966797,0.17948299646377563,0.000625
714,0.1401568502187729,0.1937425583600998,0.000625
715,0.14031179249286652,0.16019676625728607,0.000625
716,0.14101040363311768,0.1694776564836502,0.000625
717,0.1440582573413849,0.16701555252075195,0.000625
718,0.14144949615001678,0.17806173861026764,0.000625
719,0.14122608304023743,0.16185474395751953,0.000625
720,0.14209815859794617,0.1592554748058319,0.000625
721,0.14399577677249908,0.16768968105316162,0.000625
722,0.14656616747379303,0.16215640306472778,0.000625
723,0.1449410766363144,0.17473618686199188,0.000625
724,0.14306460320949554,0.1650056540966034,0.000625
725,0.14295317232608795,0.19421212375164032,0.000625
726,0.14297185838222504,0.17505477368831635,0.000625
727,0.14365524053573608,0.15855832397937775,0.000625
728,0.14168956875801086,0.15948480367660522,0.000625
729,0.14280186593532562,0.16177836060523987,0.000625
730,0.14149731397628784,0.20159414410591125,0.000625
731,0.14119276404380798,0.15924368798732758,0.000625
732,0.14128299057483673,0.16651946306228638,0.000625
733,0.14037247002124786,0.17644689977169037,0.000625
734,0.14213904738426208,0.16879405081272125,0.000625
735,0.14355139434337616,0.15884888172149658,0.000625
736,0.14191481471061707,0.22258248925209045,0.000625
737,0.14270222187042236,0.16635333001613617,0.000625
738,0.14269447326660156,0.16409268975257874,0.000625
739,0.14365966618061066,0.22403094172477722,0.000625
740,0.14314283430576324,0.17620538175106049,0.000625
741,0.14264371991157532,0.1636964976787567,0.000625
742,0.14121928811073303,0.22490853071212769,0.000625
743,0.1429561823606491,0.18956366181373596,0.000625
744,0.1480262577533722,0.16536350548267365,0.000625
745,0.14694732427597046,0.16139045357704163,0.000625
746,0.1442662477493286,0.1594270020723343,0.000625
747,0.1417250633239746,0.16446101665496826,0.000625
748,0.14155898988246918,0.15867100656032562,0.000625
749,0.1402990072965622,0.16091227531433105,0.000625
750,0.14184212684631348,0.22290955483913422,0.000625
751,0.142332062125206,0.20952795445919037,0.000625
752,0.14193463325500488,0.20197215676307678,0.000625
753,0.14151842892169952,0.17903290688991547,0.000625
754,0.1403065025806427,0.2385047972202301,0.000625
755,0.14002718031406403,0.186060830950737,0.000625
756,0.1404760181903839,0.18939879536628723,0.000625
757,0.14108073711395264,0.19846364855766296,0.000625
758,0.14287520945072174,0.19488929212093353,0.000625
759,0.14472690224647522,0.22697296738624573,0.000625
760,0.14623911678791046,0.15964320302009583,0.000625
761,0.14496223628520966,0.17027966678142548,0.000625
762,0.14104148745536804,0.22981655597686768,0.000625
763,0.14029863476753235,0.16751901805400848,0.000625
764,0.14163103699684143,0.22059671580791473,0.000625
765,0.14166991412639618,0.1839340180158615,0.000625
766,0.14059600234031677,0.20789532363414764,0.000625
767,0.14042751491069794,0.1737646460533142,0.000625
768,0.14031736552715302,0.20692859590053558,0.000625
769,0.14045852422714233,0.1670675426721573,0.000625
770,0.14129950106143951,0.20481127500534058,0.000625
771,0.14089880883693695,0.23689435422420502,0.000625
772,0.14056973159313202,0.19818750023841858,0.000625
773,0.14095458388328552,0.21811993420124054,0.000625
774,0.14158247411251068,0.1601361185312271,0.000625
775,0.14036454260349274,0.26147323846817017,0.000625
776,0.14167912304401398,0.16599924862384796,0.000625
777,0.14094887673854828,0.1887775957584381,0.000625
778,0.14066427946090698,0.22724145650863647,0.000625
779,0.142814502120018,0.17331726849079132,0.000625
780,0.14459067583084106,0.1729581654071808,0.000625
781,0.1422702819108963,0.16360700130462646,0.000625
782,0.141276553273201,0.16221322119235992,0.000625
783,0.1405830830335617,0.1893053501844406,0.000625
784,0.14019303023815155,0.16971421241760254,0.000625
785,0.14024178683757782,0.20517806708812714,0.000625
786,0.14105620980262756,0.22613908350467682,0.000625
787,0.1408744752407074,0.16307298839092255,0.000625
788,0.14132153987884521,0.15960794687271118,0.000625
789,0.1409766525030136,0.2838330566883087,0.000625
790,0.14088521897792816,0.259220153093338,0.000625
791,0.1423477977514267,0.18745455145835876,0.000625
792,0.14035892486572266,0.16675116121768951,0.000625
793,0.1401991993188858,0.33407220244407654,0.000625
794,0.14311811327934265,0.15970423817634583,0.000625
795,0.14630092680454254,0.1907329261302948,0.000625
796,0.14397373795509338,0.17367078363895416,0.000625
797,0.14221155643463135,0.17305158078670502,0.000625
798,0.14085893332958221,0.16579757630825043,0.000625
799,0.14018377661705017,0.1722743660211563,0.000625
800,0.14116768538951874,0.1774347871541977,0.000625
801,0.14038263261318207,0.2022693157196045,0.000625
802,0.13964363932609558,0.17889860272407532,0.000625
803,0.1401350200176239,0.18601484596729279,0.000625
804,0.13990098237991333,0.19656021893024445,0.000625
805,0.14062748849391937,0.16009914875030518,0.000625
806,0.14257389307022095,0.1840052455663681,0.000625
807,0.14114561676979065,0.19862309098243713,0.000625
808,0.1410166323184967,0.16098695993423462,0.000625
809,0.14038823544979095,0.18100644648075104,0.000625
810,0.1404370814561844,0.18258658051490784,0.000625
811,0.14208672940731049,0.21434158086776733,0.000625
812,0.14053767919540405,0.16474147140979767,0.000625
813,0.14635500311851501,0.3046974241733551,0.000625
814,0.15010769665241241,0.2253790944814682,0.000625
815,0.14145028591156006,0.1708258092403412,0.000625
816,0.1414766013622284,0.17712542414665222,0.000625
817,0.1397484540939331,0.20266541838645935,0.000625
818,0.1429288685321808,0.21724426746368408,0.000625
819,0.14022591710090637,0.17499230802059174,0.000625
820,0.14014653861522675,0.1606023609638214,0.000625
821,0.1399073749780655,0.1749461591243744,0.000625
822,0.13997948169708252,0.205994114279747,0.000625
823,0.14083783328533173,0.16357184946537018,0.000625
824,0.13974834978580475,0.23779040575027466,0.000625
825,0.1395890861749649,0.19490113854408264,0.000625
826,0.13950388133525848,0.20980776846408844,0.000625
827,0.13943560421466827,0.22808678448200226,0.000625
828,0.14044371247291565,0.16220849752426147,0.000625
829,0.1410965472459793,0.17684461176395416,0.000625
830,0.14234162867069244,0.1703956574201584,0.000625
831,0.14254897832870483,0.19968043267726898,0.000625
832,0.13897418975830078,0.19532985985279083,0.000625
833,0.14214161038398743,0.26025915145874023,0.000625
834,0.14278170466423035,0.16151046752929688,0.000625
835,0.14288927614688873,0.17689140141010284,0.000625
836,0.14307786524295807,0.2025543749332428,0.000625
837,0.14149627089500427,0.20175403356552124,0.000625
838,0.14224113523960114,0.18809282779693604,0.000625
839,0.14320248365402222,0.28789931535720825,0.000625
840,0.14174909889698029,0.1683671772480011,0.000625
841,0.1409400850534439,0.2015739530324936,0.000625
842,0.14002734422683716,0.16338954865932465,0.000625
843,0.14011159539222717,0.1858178675174713,0.000625
844,0.14334575831890106,0.15995661914348602,0.000625
845,0.14279259741306305,0.17556925117969513,0.000625
846,0.14081746339797974,0.1648266762495041,0.000625
847,0.14277838170528412,0.16049523651599884,0.000625
848,0.14252938330173492,0.18840529024600983,0.000625
849,0.14343330264091492,0.2527869939804077,0.000625
850,0.15226785838603973,0.1609531044960022,0.000625
851,0.15696460008621216,0.20720425248146057,0.000625
852,0.1448148936033249,0.16795437037944794,0.000625
853,0.14081646502017975,0.1725955754518509,0.000625
854,0.14208592474460602,0.1591423600912094,0.000625
855,0.13981510698795319,0.2909065783023834,0.000625
856,0.14118865132331848,0.16187524795532227,0.000625
857,0.1404082328081131,0.16178733110427856,0.000625
858,0.14003990590572357,0.18495739996433258,0.000625
859,0.1392839550971985,0.2568264305591583,0.000625
860,0.1409551054239273,0.24323120713233948,0.000625
861,0.14069850742816925,0.17425879836082458,0.000625
862,0.14023670554161072,0.2778579592704773,0.000625
863,0.14253126084804535,0.16390462219715118,0.000625
864,0.14666175842285156,0.23029915988445282,0.000625
865,0.14564655721187592,0.20310892164707184,0.000625
866,0.14261110126972198,0.1629761904478073,0.000625
867,0.14263136684894562,0.17864347994327545,0.000625
868,0.1465427577495575,0.18862999975681305,0.000625
869,0.14316648244857788,0.2868388295173645,0.000625
870,0.14195998013019562,0.1931072473526001,0.000625
871,0.1421663910150528,0.15964993834495544,0.000625
872,0.14425061643123627,0.17110781371593475,0.000625
873,0.14895956218242645,0.2715701460838318,0.000625
874,0.14972999691963196,0.18039490282535553,0.000625
875,0.15295055508613586,0.15938875079154968,0.000625
876,0.14506983757019043,0.18319770693778992,0.000625
877,0.14077289402484894,0.2324095219373703,0.000625
878,0.1415080577135086,0.1632985919713974,0.000625
879,0.14188513159751892,0.17901945114135742,0.000625
880,0.14235080778598785,0.17506816983222961,0.000625
881,0.14044155180454254,0.1710599660873413,0.000625
882,0.13975946605205536,0.1689426302909851,0.000625
883,0.13841907680034637,0.18182909488677979,0.0003125
884,0.13835038244724274,0.20291216671466827,0.0003125
885,0.13841183483600616,0.2825639843940735,0.0003125
886,0.14052702486515045,0.23412227630615234,0.0003125
887,0.13937631249427795,0.21017660200595856,0.0003125
888,0.13871502876281738,0.17603392899036407,0.0003125
889,0.13866661489009857,0.22649264335632324,0.0003125
890,0.13869965076446533,0.19305925071239471,0.0003125
891,0.13863733410835266,0.29867324233055115,0.0003125
892,0.13834498822689056,0.23145529627799988,0.0003125
893,0.13932736217975616,0.18713045120239258,0.0003125
894,0.1410280168056488,0.219831645488739,0.0003125
895,0.13901099562644958,0.2179948389530182,0.0003125
896,0.13860538601875305,0.17099767923355103,0.0003125
897,0.13887163996696472,0.19954688847064972,0.0003125
898,0.13988609611988068,0.17115898430347443,0.0003125
899,0.13864077627658844,0.17884701490402222,0.0003125
900,0.13824136555194855,0.23985213041305542,0.0003125
901,0.138239786028862,0.16629928350448608,0.0003125
902,0.1377551555633545,0.24258115887641907,0.0003125
903,0.13853001594543457,0.17485633492469788,0.0003125
904,0.1387806534767151,0.2524493634700775,0.0003125
905,0.13986654579639435,0.23283490538597107,0.0003125
906,0.1391676813364029,0.2068553864955902,0.0003125
907,0.1390710026025772,0.22524966299533844,0.0003125
908,0.13858751952648163,0.19178767502307892,0.0003125
909,0.13881218433380127,0.1723542958498001,0.0003125
910,0.13846316933631897,0.29924267530441284,0.0003125
911,0.1391356736421585,0.16677053272724152,0.0003125
912,0.13930082321166992,0.243083193898201,0.0003125
913,0.1384698450565338,0.20070695877075195,0.0003125
914,0.1386132687330246,0.220228910446167,0.0003125
915,0.1382354497909546,0.19365310668945312,0.0003125
916,0.13956774771213531,0.1894158571958542,0.0003125
917,0.1399199366569519,0.3120962977409363,0.0003125
918,0.1409393846988678,0.16509541869163513,0.0003125
919,0.14003409445285797,0.16460566222667694,0.0003125
920,0.1384987086057663,0.16021095216274261,0.0003125
921,0.13975878059864044,0.17725585401058197,0.0003125
922,0.1400875747203827,0.2050812989473343,0.0003125
923,0.14075961709022522,0.18194647133350372,0.0003125
924,0.14000287652015686,0.18277011811733246,0.0003125
925,0.13917426764965057,0.16857978701591492,0.0003125
926,0.1395166516304016,0.16347628831863403,0.0003125
927,0.13822788000106812,0.19217614829540253,0.0003125
928,0.1380864828824997,0.2418326437473297,0.0003125
929,0.1375378519296646,0.23282189667224884,0.0003125
930,0.1376771479845047,0.19274914264678955,0.0003125
931,0.13758571445941925,0.1619478464126587,0.0003125
932,0.1381864845752716,0.2076137214899063,0.0003125
933,0.13808132708072662,0.18292900919914246,0.0003125
934,0.13978560268878937,0.2203529179096222,0.0003125
935,0.1410379260778427,0.22091977298259735,0.0003125
936,0.14022964239120483,0.16271966695785522,0.0003125
937,0.14154836535453796,0.17839540541172028,0.0003125
938,0.1390298455953598,0.2207217961549759,0.0003125
939,0.1385306417942047,0.2041740119457245,0.0003125
940,0.13891303539276123,0.17775468528270721,0.0003125
941,0.14069804549217224,0.2578868567943573,0.0003125
942,0.1381383091211319,0.17918503284454346,0.0003125
943,0.1379782110452652,0.17687629163265228,0.0003125
944,0.13998568058013916,0.3620210587978363,0.0003125
945,0.13830868899822235,0.19010166823863983,0.0003125
946,0.13887375593185425,0.2643098533153534,0.0003125
947,0.13796010613441467,0.20076923072338104,0.0003125
948,0.13816677033901215,0.19786305725574493,0.0003125
949,0.13845664262771606,0.1673745959997177,0.0003125
950,0.13852304220199585,0.2498476505279541,0.0003125
951,0.1396593451499939,0.21951188147068024,0.0003125
952,0.13915829360485077,0.22058351337909698,0.0003125
953,0.1388547420501709,0.17728644609451294,0.0003125
954,0.13820846378803253,0.21232406795024872,0.0003125
955,0.14170710742473602,0.22866342961788177,0.0003125
956,0.14232569932937622,0.18835534155368805,0.0003125
957,0.1384517401456833,0.16153649985790253,0.0003125
958,0.13959233462810516,0.2640896439552307,0.0003125
959,0.13825339078903198,0.23200953006744385,0.0003125
960,0.13902978599071503,0.18090206384658813,0.0003125
961,0.13864094018936157,0.20408478379249573,0.0003125
962,0.13938872516155243,0.19903771579265594,0.0003125
963,0.1378994882106781,0.21666766703128815,0.0003125
964,0.13728977739810944,0.21724174916744232,0.0003125
965,0.13698798418045044,0.19953596591949463,0.0003125
966,0.1369583159685135,0.24818311631679535,0.0003125
967,0.13802678883075714,0.1685379296541214,0.0003125
968,0.1379469335079193,0.3524831235408783,0.0003125
969,0.1376463919878006,0.16486267745494843,0.0003125
970,0.13816113770008087,0.24665307998657227,0.0003125
971,0.1384042203426361,0.16093726456165314,0.0003125
972,0.13774262368679047,0.26445114612579346,0.0003125
973,0.13804136216640472,0.21027739346027374,0.0003125
974,0.13882200419902802,0.173439159989357,0.0003125
975,0.1390378624200821,0.18987570703029633,0.0003125
976,0.13798005878925323,0.17079557478427887,0.0003125
977,0.13813519477844238,0.16982711851596832,0.0003125
978,0.1383560448884964,0.34823983907699585,0.0003125
979,0.1369580775499344,0.19244995713233948,0.0003125
980,0.1375366449356079,0.1640128791332245,0.0003125
981,0.13985155522823334,0.25716888904571533,0.0003125
982,0.14056386053562164,0.189071387052536,0.0003125
983,0.14022938907146454,0.16502273082733154,0.0003125
984,0.13903656601905823,0.18791133165359497,0.0003125
985,0.13854491710662842,0.18883681297302246,0.0003125
986,0.1383349746465683,0.2744830548763275,0.0003125
987,0.13835760951042175,0.2651861608028412,0.0003125
988,0.1376655101776123,0.23777639865875244,0.0003125
989,0.13826823234558105,0.1836070716381073,0.0003125
990,0.14005593955516815,0.16206496953964233,0.0003125
991,0.13920462131500244,0.1600998342037201,0.0003125
992,0.13816197216510773,0.16575214266777039,0.0003125
993,0.13830949366092682,0.2260720282793045,0.0003125
994,0.13838908076286316,0.20791439712047577,0.0003125
995,0.13999374210834503,0.21469415724277496,0.0003125
996,0.14036910235881805,0.20967572927474976,0.0003125
997,0.13809610903263092,0.16641610860824585,0.0003125
998,0.13856716454029083,0.17158158123493195,0.0003125
999,0.13722874224185944,0.2537160813808441,0.0003125
